{
	"mapZoom": 17,
	"offsetX": 60,
	"offsetY": 80,
  "markerLatLng": [
    3.156886, 101.70954269999993
	]
}
